log10_x,energy_gev,dn_gamma_dlog10x_bbbar
-3,1,36.515451
-2.95,1.1220184543,36.615962
-2.9,1.25892541179,36.626845
-2.85,1.41253754462,36.549423
-2.8,1.58489319246,36.374116
-2.75,1.77827941004,36.114194
-2.7,1.99526231497,35.781934
-2.65,2.23872113857,35.384943
-2.6,2.51188643151,34.929546
-2.55,2.81838293126,34.424034
-2.5,3.16227766017,33.85445
-2.45,3.54813389234,33.241774
-2.4,3.98107170553,32.586457
-2.35,4.46683592151,31.890574
-2.3,5.01187233627,31.15565
-2.25,5.6234132519,30.380754
-2.2,6.3095734448,29.551132
-2.15,7.07945784384,28.663106
-2.1,7.94328234724,27.708501
-2.05,8.91250938134,26.672728
-2,10,25.538157
-1.95,11.220184543,24.287542
-1.9,12.5892541179,22.873315
-1.85,14.1253754462,21.408777
-1.8,15.8489319246,19.994386
-1.75,17.7827941004,18.64868
-1.7,19.9526231497,17.349011
-1.65,22.3872113857,16.062062
-1.6,25.1188643151,14.761332
-1.55,28.1838293126,13.474254
-1.5,31.6227766017,12.210379
-1.45,35.4813389234,10.980821
-1.4,39.8107170553,9.795508
-1.35,44.6683592151,8.6617
-1.3,50.1187233627,7.573443
-1.25,56.234132519,6.551151
-1.2,63.095734448,5.603141
-1.15,70.7945784384,4.733139
-1.1,79.4328234724,3.944225
-1.05,89.1250938134,3.240085
-1,100,2.610947
