tile_id,ra_degrees,dec_degrees,gal_l_degrees,gal_b_degrees,owner_cell_radius_degrees
roi_001,196.40509830840384,25.002414053545547,0.0,86.1710522475328,7.146885511861513
roi_002,190.86051848516345,33.53488138144376,137.50776405003785,83.36559620935185,7.386121880924182
roi_003,188.616002665708,19.495254849724155,275.0155281000757,81.43182409194921,7.386121880924231
roi_004,203.91349963896258,30.093101616961945,52.52329215011351,79.85820663432014,6.573882121357335
roi_005,180.4756770122869,31.05722691695023,190.03105620015137,78.49598005081599,7.386121880924231
roi_006,198.31929221177268,15.460852328257163,327.53882025018913,77.27705597122797,6.82554099518531
roi_007,198.37666059788458,40.18881204984642,105.04658430022702,76.16350397268798,6.8508562529967145
roi_008,179.20235197116648,19.137549350857075,242.55434835026477,75.13162453639555,6.943255462909808
roi_009,209.60790620686126,22.618346256183937,20.06211240030276,74.16543758698742,6.82554099518531
roi_010,180.44750802077812,40.363327951754584,157.56987645034053,73.25356398717801,6.850856252996768
roi_011,190.4555909470353,9.662608398361652,295.0776405003783,72.38756092964962,6.80122542263623
roi_012,210.79727754465236,37.749520673467465,72.58540455041606,71.5609597721967,6.6864938493158075
roi_013,171.3061082357976,26.426953601883163,210.09316860045405,70.7686748054968,6.591198753397
roi_014,207.09823103132786,12.245013165657523,347.600932650492,70.00662185402233,6.512486967729582
roi_015,191.7118740972956,47.83738390696755,125.10869670052958,69.27146229460494,6.850856252996768
roi_016,178.95778917018112,10.159316996509116,262.61646075056757,68.56042549608651,6.797791418134723
roi_017,217.8193563173396,27.66938991257051,40.12422480060552,67.87118217725818,6.656462084058151
roi_018,169.09889054143454,38.289796240677205,177.6319888506435,67.20175190027794,6.791446800274491
roi_019,197.69916609587625,4.138621722066938,315.13975290068106,66.55043408660782,6.768498423177729
roi_020,210.38115006065968,46.87898937875491,92.64751695071863,65.91575563450378,6.596612151578077
roi_021,168.08604942822487,17.705263547457736,230.1552810007566,65.29643050202733,6.543817383186124
roi_022,216.39064261252648,14.466244086280044,7.663045050794564,64.69132807593316,6.656462084058151
roi_023,177.842040581135,50.355678531373364,145.17080910083212,64.09944809949913,6.791446800274437
roi_024,183.9744145369137,2.0543782451111796,282.6785731508701,63.51990057015391,6.80122542263623
roi_025,222.94827176457244,36.259637282605816,60.18633720090807,62.9518894536457,6.686493849315753
roi_026,161.48356422796752,30.82814190482983,197.69410125094603,62.39469936499536,6.591198753397055
roi_027,207.46637565254835,2.6931118670191387,335.201865300984,61.84768458139301,6.512486967729525
roi_028,201.43004167818881,55.13238037020272,112.70962935102118,61.3102599067384,6.448057134103743
roi_029,169.78353312435635,7.74666421544088,250.21739340105916,60.78189302022014,6.526873585771773
roi_030,224.76972644590933,20.846740820652702,27.725157451097118,60.26209802457609,6.656462084058207
roi_031,163.344841095191,46.51070023609693,165.23292150113508,59.75042997190137,6.791446800274437
roi_032,192.76149233458517,-3.6251218566362753,302.74068555117304,59.2464801918959,6.80122542263623
roi_033,223.78889694265195,46.82175775073432,80.24844960121104,58.74987228334314,6.686493849315753
roi_034,158.85624118245133,20.390401381591204,217.756213651249,58.260258657279124,6.591198753397055
roi_035,217.94814843191273,5.495242714658722,355.263977701287,57.7773175418211,6.587263582041439
roi_036,182.52390498233137,59.03071965664951,132.77174175132413,57.30075037548742,6.629105920172895
roi_037,175.68319644496466,-1.6212977897317902,270.2795058013621,56.83027952915994,6.672582114044747
roi_038,231.22797853391265,30.399825280829656,47.78726985140008,56.36564630743925,6.717575036172643
roi_039,154.09688276313503,37.51896135634445,185.29503390143725,55.9066091886325,6.763976950923119
roi_040,204.02857898428869,-5.685730965875197,322.8027979514752,55.452942269459506,6.809285738481788
roi_041,217.1984242023938,57.638938902822495,100.31056200151319,55.0044338861145,6.766895302847211
roi_042,160.69340128169318,8.878572051282664,237.81832605155117,54.560885387850284,6.726893176362666
roi_043,227.71884388748262,12.222373025753175,15.326090101589129,54.122110042966284,6.6891414639782605
roi_044,161.42988236582008,55.518608262672224,152.8338541516271,53.687932060144085,6.653512218552559
roi_045,185.27573169356955,-8.870393378283568,290.34161820166423,53.25818571061142,6.619886551416427
roi_046,234.78990809536768,42.15422235764656,67.84938225170305,52.83271453872601,6.588153837328371
roi_047,150.73284846977532,25.651055621829546,205.35714630174022,52.41137065033624,6.558211002268896
roi_048,216.1863303759678,-3.492437981899974,342.864910351779,51.99401406975661,6.590119138107235
roi_049,196.69189569322708,65.47149735917118,120.37267440181614,51.58051215744448,6.63324353698743
roi_050,166.4941276562331,-2.2355798815025993,257.8804384518533,51.170739081520956,6.676992729670032
roi_051,235.88800252530024,22.167105049614964,35.38820250189209,50.76457533717539,6.721328462464994
roi_052,148.42975322515125,45.75537153723434,172.89596655192923,50.361907308757736,6.76621495338428
roi_053,197.7771465350521,-12.623530468071257,310.40373060196805,49.96262687001544,6.808993159629013
roi_054,233.3949241961515,55.06323581587993,87.91149465200519,49.56663101849279,6.755907492360208
roi_055,151.9992342295011,12.663972800874184,225.41925870204236,49.17382154059223,6.70612998594083
roi_056,227.70054548899697,2.852013473231747,2.927022752081951,48.78410470421333,6.659433669712736
roi_057,164.93562934227845,64.75984779600458,140.43478680211828,48.39739097624507,6.63324353698743
roi_058,176.09316001097616,-11.577477657005343,277.9425508521563,48.013594762499295,6.676992729670032
roi_059,241.9254384197442,34.512755289389354,55.450314902194236,47.63263416794548,6.72132846246494
roi_060,143.51654932132934,32.76601033406265,192.9580789522322,47.2544307753432,6.7662149533842255
roi_061,211.7010328931577,-11.924024265319291,330.46584300227016,46.87890944057665,6.809285738481788
roi_062,220.28020896503782,67.30834917431386,107.97360705230815,46.50599810317698,6.766895302847157
roi_063,157.119170042059,-0.1751094898275645,245.48137110234612,46.135627610677425,6.726893176362666
roi_064,237.63017062988646,12.681161995415794,22.9891351523841,45.76773155558757,6.689141463978315
roi_065,144.4515736251944,55.085415855491064,160.49689920242207,45.40224612389569,6.653512218552559
roi_066,189.20692268703988,-17.692815125790908,298.0046632524584,45.0391099541193,6.619886551416427
roi_067,245.0417851218485,48.487366018297685,75.51242730249801,44.678264006019596,6.588153837328371
roi_068,143.87630898320867,18.51766675959878,213.02019135253437,44.31965143818257,6.55821100226884
roi_069,225.20838835775623,-6.62952077356733,350.527955402574,43.96321749374585,6.590119138107235
roi_070,180.12403112344458,73.01094637915087,128.0357194526103,43.60890939361861,6.63324353698743
roi_071,166.01387214539474,-11.68461850744985,265.54348350264826,43.256676236602644,6.676992729670087
roi_072,245.66443407376914,25.148825019020943,43.05124755268625,42.90646890587731,6.72132846246494
roi_073,137.01613819825394,41.25434346836627,180.5590116027242,42.55823998135989,6.76621495338428
roi_074,204.68041921523755,-19.26598859080911,318.0667756527622,42.211943657496064,6.809285738481841
roi_075,242.3478179361809,63.248630951244365,95.57453970280017,41.86753566607525,6.766895302847157
roi_076,148.05334854744092,4.172570012018647,233.08230375283813,41.52497320370022,6.72689317636272
roi_077,237.0324549426555,2.6161250068954174,10.59006780287448,41.1842148635725,6.689141463978315
roi_078,142.85333849798548,65.17215385021849,148.09783185291408,40.84522057128385,6.653512218552559
roi_079,178.8725644452991,-20.473948884786807,285.6055959029504,40.50795152432971,6.619886551416427
roi_080,251.72744292827383,39.49691397829583,63.113359952990024,40.17237013508448,6.588153837328371
roi_081,136.3037414315887,25.964958863657465,200.62112400302638,39.838439976999084,6.558211002268896
roi_082,220.37654506409115,-15.72710875469092,338.1288880530643,39.50612573380136,6.52996188410781
roi_083,217.81022625016243,76.5052109101314,115.6366521031023,39.175393151496394,6.503316657543487
roi_084,155.79799651861305,-9.294417656521395,253.14441615314192,38.84620899298067,6.478191315857929
roi_085,246.8381020810964,14.849026802818633,30.652180203178258,38.518540995098014,6.454507203009262
roi_086,130.95673892808418,50.76595758366664,168.15994425321622,38.19235782797821,6.43219059041804
roi_087,195.24133672854953,-24.953503908325253,305.6677083032542,37.8676290565121,6.411172293526567
roi_088,255.32115391797876,55.12003599346734,83.17547235329054,37.54432510382695,6.3913873238101155
roi_089,139.523051127841,10.384072128766293,220.68323640332852,37.222417216636664,6.372774572461975
roi_090,234.380532409038,-7.572222510169004,358.19100045336813,36.901877432350446,6.355276522423844
roi_091,147.18417743662434,75.6381116628163,135.6987645034061,36.582678547831684,6.338838985829275
roi_092,167.558128279291,-20.697940060412243,273.2065285534424,36.26479408970706,6.323410864268003
roi_093,254.86787869360248,29.19120395827886,50.7142926034804,35.94819828613248,6.308943929588807
roi_094,129.07589576809966,34.61294721660059,188.22205665351837,35.63286603992954,6.29539262320069
roi_095,213.0983140162718,-23.943596276740887,325.72982070355795,35.318772903011535,6.282713872077136
roi_096,252.93170573457203,71.42730580316206,103.23758475359432,35.00589505202429,6.270866919853291
roi_097,146.00121014862015,-4.69695349017334,240.74534880363228,34.6942092651317,6.259813171586222
roi_098,246.02595648402482,4.093841532375736,18.253112853670267,34.38369289988064,6.249516050906299
roi_099,124.84039013976252,61.03625095703827,155.76087690370662,34.074323872084655,6.23994086841486
roi_100,183.730147571962,-28.419535959172947,293.2686409537462,33.766080635668985,6.231054700299966
roi_101,261.5270337139071,44.98654822090116,70.77640500378418,33.45894216342448,6.222826276265366
roi_102,131.50262808700455,18.043698351321332,208.28416905382215,33.15288792861988,6.215225875936297
roi_103,229.67152992656253,-17.502073546389813,345.79193310385847,32.84789788742645,6.208225233006714
roi_104,189.5785570371954,84.5749255364666,123.29969715389647,32.543952462111164,6.201797446456477
roi_105,156.1495016023676,-18.36422190446959,260.80746120393604,32.241032524957475,6.195932570953332
roi_106,255.64267057871984,18.184628337625114,38.31522525397404,31.93911938287549,6.199262756447057
roi_107,121.77175214600419,44.13428502828666,175.82298930401038,31.63819476266537,6.202682126948138
roi_108,203.18789429423012,-30.6979246622716,313.33075335404675,31.33824079690043,6.2061848226072485
roi_109,267.164981155676,61.7801832003655,90.8385174040847,31.039240010397883,6.209765175865261
roi_110,136.8699119205508,1.7056028700701609,228.34628145412267,30.741175307247655,6.213417703879803
roi_111,243.4877855875404,-6.789480114260889,5.854045504163902,30.444029958370983,6.217137101313616
roi_112,117.25550357888748,71.84254506537795,143.36180955419863,30.147787589582478,6.220918233480535
roi_113,170.9383480850308,-29.235482846515595,280.86957360423656,29.852432170130744,6.22475612982503
roi_114,263.9798263925867,33.88709451826381,58.37733765427456,29.557948001694054,6.228645977713421
roi_115,123.75688921496021,26.7762537061776,195.88510170431255,29.264319707809012,6.232583116512621
roi_116,222.64242934746446,-26.761637482644556,333.3928657543505,28.971532223711296,6.236563031961033
roi_117,271.76509527936423,79.25980328206111,110.90062980438847,28.679570786568885,6.2405813507909045
roi_118,145.3366410605084,-13.745570485095419,248.40839385442644,28.38842092608902,6.244633835619865
roi_119,254.71846065077614,6.82669527005406,25.916157904464423,28.098068455481492,6.248716380051315
roi_120,113.5541640665381,54.232091147202894,163.4239219545024,27.80849946276155,6.252825004024759
roi_121,190.6853563943455,-35.3182697491701,300.9316860045404,27.519700302376805,6.256955849367662
roi_122,272.1341860459477,50.637909410136224,78.43945005457834,27.231657587143136,6.261105175543541
roi_123,128.36200685583543,9.490501568566875,215.9472141046163,26.944358180475735,6.26526935559634
roi_124,239.1955448305411,-17.523539838599195,353.45497815465427,26.65778918890178,6.26944487227993
roi_125,98.65869190724193,82.7901599051129,130.96274220469226,26.37193795484225,6.273628314349337
roi_126,157.97868293315125,-27.292798921033583,268.47050625472696,26.086792049650825,6.277816373026437
roi_127,264.28599909538264,22.293437342503207,45.9782703047682,25.802339266898603,6.2820058386016235
roi_128,115.837589426402,36.247676394744026,183.48603435480618,25.518567615893833,6.286193597206824
roi_129,212.83475214350716,-34.818290970382186,320.99379840484414,25.235465315426403,6.290376627708658
roi_130,283.0031304524462,67.97683290081207,98.50156245487885,24.953020787727493,6.294551998742848
roi_131,135.42374678744847,-7.277549553816837,236.00932650491683,24.671222652635066,6.298716865871648
roi_132,252.379694041772,-4.653982980404276,13.51709055495806,24.390059721956522,6.302868468868807
roi_133,102.37600389505393,64.5426116140345,151.02485460499602,24.109520994020126,6.3070041290997185
roi_134,176.27011619109993,-37.17973913782801,288.5326186550307,23.82959564840732,6.311121247039057
roi_135,273.4483867708875,38.89050205895889,66.04038270506872,23.55027304085839,6.315217299863638
roi_136,120.21882699116289,18.26775961369104,203.5481467551067,23.271542698344287,6.319289839162635
roi_137,232.83567742606542,-27.80012200916462,341.0559108051479,22.993394314297802,6.323336488733477
roi_138,329.99970779592104,84.07135512954602,118.56367485518264,22.715817743997558,6.327354942471595
roi_139,145.81221356758613,-22.856917024126332,256.0714389052206,22.43880300009864,6.331342962336756
roi_140,263.1932592546199,10.446832414181415,33.57920295525858,22.162340248303952,6.335298376421501
roi_141,106.95445583831709,46.12961555317826,171.08696700529654,21.88641980317062,6.339219077066353
roi_142,199.83631648054583,-40.95366125962841,308.59473105533453,21.611032124046144,6.343103019080492
roi_143,284.51651915265904,56.042058777191286,86.1024951053725,21.33616781112906,6.346948218012679
roi_144,126.35680151636618,0.5715889597823194,223.61025915541046,21.061817601649302,6.350752748497314
roi_145,248.62541804140858,-16.068810874694307,1.1180232054484396,20.78797236616354,6.354514742668402
roi_146,81.46562792358664,74.21123257563951,138.62578725548642,20.514623104961025,6.358232388632411
roi_147,161.34125827010422,-35.98535576036708,276.1335513055244,20.241760944575653,6.361903928986087
roi_148,273.0254212730832,26.841806523396677,53.641315355562355,19.96937713440019,6.365527659424477
roi_149,111.99973777242506,27.68635430200317,191.14907940560033,19.697463043398756,6.369101927371948
roi_150,223.77993460378534,-37.19147776742484,328.6568434556383,19.426010156913748,6.372625130678973
roi_151,306.69549607180807,72.66700019354361,106.16460750567627,19.155010073563737,6.376095716366473
roi_152,134.88091775434575,-16.430161898933957,243.67237155571098,18.884454502228806,6.3795121794173335
roi_153,261.00674692630076,-1.5033422125292328,21.18013560574896,18.614335259120175,6.382873061612406
roi_154,95.55205546107031,56.000863652942236,158.68789965579018,18.344644264930782,6.386176950416516
roi_155,183.89172214313976,-44.326688296899746,296.19566370582817,18.075373542063996,6.389422477898343
roi_156,283.76137033547803,43.852178823807634,73.70342775586288,17.806515211937487,6.392608319692752
roi_157,117.84566085887636,9.374572836590406,211.21119180590085,17.538061492359425,6.395733194003064
roi_158,243.17842379423502,-27.21065618773515,348.7189558559388,17.270004694974467,6.398795860641787
roi_159,30.286608981696507,79.42544518236794,126.22671990598005,17.00233722277693,6.401795120107818
roi_160,147.35571201631123,-31.951800402462915,263.73448395601474,16.735051567688657,6.404729812692699
roi_161,271.5894754404169,14.632625012898165,41.24224800605273,16.4681403081993,6.407598817621447
roi_162,103.0264258452552,37.40066735956029,178.7500120560907,16.201596107066706,6.410401052233965
roi_163,211.1377573312559,-45.03619658304473,316.2577761061287,15.935411709075286,6.413135471176014
roi_164,299.80754719434805,60.62393497904178,93.76554015616665,15.669579938850202,6.415801065646028
roi_165,125.12874790337756,-8.561925838122724,231.2733042062046,15.40409369872548,6.418396862648947
roi_166,257.7638563653632,-13.43889017340587,8.78106825623934,15.138945966663982,6.420921924291981
roi_167,78.1726025826892,65.05700836099666,146.28883230628384,14.874129794227535,6.423375347093608
roi_168,166.5429920452691,-44.3158723917996,283.7965963563218,14.609638304595276,6.425756261323846
roi_169,282.14820410973164,31.514500061713427,61.304360406356516,14.345464690628608,6.428063830374994
roi_170,109.4478271565993,18.75554088677431,198.81212445639449,14.081602212981082,6.43029725015081
roi_171,235.4034149068104,-37.784589044183974,336.31988850643245,13.818044198251517,6.4324557484665394
roi_172,338.98179768590705,73.98095447579439,113.82765255647043,13.554784037178994,6.434538584494837
roi_173,135.0600466412487,-25.67150992938103,251.3354166065084,13.29181518287807,6.436545048214086
roi_174,269.41427843931325,2.3484158536685302,28.843180656543115,13.02913114911289,6.438474459884225
roi_175,92.18577424248323,46.988992597412796,166.3509447065811,12.766725508608769,6.440326169538921
roi_176,194.27773486019345,-50.35694684896806,303.8587087566191,12.504591891399903,6.442099556510843
roi_177,295.4385048494843,48.368843974434974,81.36647280665703,12.242723983211992,6.443794028947467
roi_178,116.2114664202848,0.25935700495725333,218.87423685669827,11.981115523878392,6.445409023375639
roi_179,253.26934663493117,-25.235350110997846,356.3820009067362,11.71976030578878,6.446944004256391
roi_180,48.280651535730584,71.25028842009336,133.8897649567742,11.45865217236899,6.4483984635858915
roi_181,150.06119023546984,-40.9627993720395,271.3975290068122,11.197785016591036,6.449771920488121
roi_182,280.09033294728846,19.085719782102032,48.905293056846894,10.937152779512152,6.451063920829614
roi_183,100.56817173339864,28.357581951409358,186.41305710688488,10.676749448841813,6.452274036859745
roi_184,224.1497875252036,-47.29025540663795,323.92082115692284,10.416569057535778,6.453401866859197
roi_185,318.7046043152525,63.56931528688965,101.4285852069608,10.156605682416037,6.45444703479633
roi_186,124.42391590954689,-17.820014068990687,238.93634925699877,9.896853442815875,6.455409190007754
roi_187,266.5515753193717,-9.944109346437452,16.444113307036755,9.63730649924897,6.4562880068994195
roi_188,77.54227721074777,55.773067405560404,153.951877357078,9.377959052101744,6.457083184637474
roi_189,174.22204239169673,-52.08457165927754,291.45964140711595,9.118805340348013,6.457794446874871
roi_190,291.9590897813414,35.98334809932597,68.96740545715068,8.859839640285124,6.458421541478218
roi_191,107.6536511476751,9.622185600333717,206.47516950718864,8.601056264290788,6.458964240281968
roi_192,247.01769010483986,-36.71980233067134,343.9829335572266,8.342449559599698,6.459422338842013
roi_193,8.493480850045847,70.90687535344934,121.49069760726458,8.084013907099306,6.4597956561996845
roi_194,135.8665580123111,-34.95026884557549,258.9984616573026,7.825743720143874,6.460084034667693
roi_195,277.7175203839358,6.606657466016099,36.50622570734053,7.567633443386145,6.4602873396284615
roi_196,90.37348861819159,37.77544899083988,174.01398975737524,7.30967755162586,6.460405459330407
roi_197,207.76891089785477,-54.82217833943078,311.52175380741323,7.0518705486744455,6.46043830471135
roi_198,308.8910534635066,51.946662735691,89.02951785745118,6.7942069662352305,6.460385809224707
roi_199,115.00880115599365,-8.979710641518935,226.53728190749243,6.536681362798413,6.460247928682435
roi_200,262.88697642532344,-22.17795391779505,4.045045957530391,6.279288322550265,6.460024641093857
roi_201,56.21112467724053,62.44689282726077,141.55281000756835,6.022022454295842,6.4597159465443506
roi_202,154.25333177756863,-49.812538090965006,279.06057405760635,5.764878390394623,6.4593218670532595
roi_203,288.9035284046072,23.512114405605978,56.56833810764431,5.507850785708453,6.458842446471741
roi_204,98.8955571061402,19.15694666771361,194.07610215767903,5.250934316561199,6.458277750358912
roi_205,237.9532971277359,-47.590865125840374,331.583866207717,4.994123679709569,6.457627865897299
roi_206,339.90408042808156,64.00804214370402,109.09163025775497,4.737413591324432,6.456892901805993
roi_207,124.0422573087507,-27.145565166686367,246.59939430779295,4.480798785982208,6.456072988264653
roi_208,275.0407993330161,-5.887569203430465,24.10715835783091,4.224274015665674,6.4562880068994195
roi_209,77.65134331724832,46.43774869333279,161.61492240787214,3.967834048773688,6.457083184637417
roi_210,185.4764463652128,-58.94167862114778,299.1226864579101,3.711473669139305,6.457794446874871
roi_211,302.7293761107828,39.88315371955519,76.63045050794808,3.455187675055737,6.458421541478218
roi_212,106.25626210480125,0.38609312420505526,214.1382145579828,3.198970878309694,6.458964240281911
roi_213,258.0965499562516,-34.266664272211194,351.64597860802076,2.9428181032214975,6.459422338842013
roi_214,27.61339449162481,64.8431598511303,129.15374265805875,2.6867241856915958,6.4597956561996845
roi_215,137.2814732770631,-44.23111221057488,266.66150670809344,2.43068397225289,6.46008403466775
roi_216,286.0726516270957,10.988578494989975,44.16927075813143,2.1746923191284204,6.4602873396284615
roi_217,89.2622752018391,28.47500666997818,181.6770348081694,1.9187440912939255,6.460405459330407
roi_218,223.97917724038555,-57.22775831945522,319.1847988582074,1.662834161544786,6.460438304711407
roi_219,324.0660225770565,54.02120434858442,96.69256290824535,1.4069574095669217,6.460405459330577
roi_220,113.98643521239975,-18.276702478322804,234.20032695828982,1.1511087210110735,6.4602873396313445
roi_221,271.9908178729173,-18.362178935929766,11.708091008327804,0.8952829865701303,6.46008403467069
roi_222,60.84592150936285,53.418716748009416,149.21585505836578,0.6394751010589441,6.459795656201155
roi_223,160.6925766922313,-58.379706709028504,286.72361910839726,0.38367996249620867,6.459422338840656
roi_224,298.2310226094374,27.605123866033484,64.23138315843521,0.12789247118793537,6.4589642402806104
roi_225,97.58871167756824,9.888883030373144,201.73914720847318,-0.127892471187929,6.458964240281911
roi_226,251.46196518263258,-46.06819609590346,339.24691125851115,-0.38367996249620867,6.459422338842013
roi_227,359.7831384813286,61.603349606035636,116.75467530854912,-0.6394751010589378,6.4597956561996845
roi_228,123.79137511437025,-36.49856175538409,254.2624393585871,-0.8952829865701303,6.46008403466775
roi_229,283.354488153019,-1.558682982809624,31.77020340862507,-1.15110872101108,6.4602873396284615
roi_230,77.9088506458044,37.08352323403991,169.27796745866303,-1.4069574095669217,6.460405459330407
roi_231,201.76118272012414,-64.26782577999188,306.785731508701,-1.6628341615447924,6.460438304711407
roi_232,314.58243318530106,42.8056953519259,84.29349555873898,-1.9187440912939193,6.46040545933052
roi_233,104.9755901553429,-8.883386175432095,221.80125960877695,-2.1746923191284204,6.460287339631288
roi_234,268.40079383141955,-30.77735489577781,359.3090236588149,-2.4306839722528837,6.46008403467069
roi_235,39.212144459790814,57.31567815087679,136.8167877088529,-2.6867241856915958,6.459795656201155
roi_236,139.38029595801078,-53.48672721794213,274.3245517588909,-2.9428181032215037,6.459422338840712
roi_237,294.647813387596,15.212139262455592,51.83231580892885,-3.198970878309694,6.4589642402806104
roi_238,88.40482686140518,19.151137406051074,189.34007985896682,-3.4551876750557433,6.45842154147539
roi_239,241.3247698869611,-57.286702798192906,326.8478439090048,-3.711473669139299,6.457794446872042
roi_240,340.040418011036,54.10035536385971,104.35560795904276,-3.967834048773688,6.457083184637417
roi_241,112.89319181130094,-27.578379233500105,241.86337200908073,-4.224274015665668,6.456288006900721
roi_242,280.66953967138056,-14.103103662687358,19.371136059118705,-4.480798785982208,6.456072988263296
roi_243,63.87094418062782,44.275739354802525,156.8789001091567,-4.737413591324438,6.4568929018059364
roi_244,171.14672170169857,-66.41420111978617,294.38666415919465,-4.994123679709569,6.457627865900183
roi_245,308.2179422939979,31.034603654576593,71.89442820923261,-5.250934316561206,6.458277750361683
roi_246,96.34967195728287,0.6173264344812232,209.4021922592706,-5.507850785708447,6.458842446473268
roi_247,263.9197587967054,-43.0788140659323,346.90995630930854,-5.764878390394623,6.459321867054786
roi_248,15.560005418207945,56.81855897020198,124.41772035934653,-6.022022454295835,6.459715946542993
roi_249,123.42454107147131,-45.84523398773777,261.9254844093845,-6.279288322550265,6.460024641091087
roi_250,291.6479439013125,2.7630695925434208,39.43324845942248,-6.5366813627984195,6.460247928679721
roi_251,78.0516568298182,27.735485174779114,176.94101250945394,-6.7942069662352305,6.4603858092246504
roi_252,223.52592200694085,-67.1393431059931,314.4487765594984,-7.051870548674452,6.460438304711407
roi_253,327.32284618960176,44.3346734821244,91.9565406095364,-7.309677551625854,6.460405459330577
roi_254,103.54767876813813,-18.125419960003782,229.46430465957437,-7.567633443386145,6.4602873396313445
roi_255,277.94668696357286,-26.61821536369707,6.9720687096123415,-7.825743720143868,6.46008403467069
roi_256,46.56839001172385,49.06374387504111,144.47983275965032,-8.084013907099306,6.459795656201155
roi_257,142.4242752974111,-62.69137590320027,281.9875968096883,-8.342449559599705,6.459422338840656
roi_258,303.5900126525167,18.985104941525236,59.495360859726254,-8.601056264290788,6.4589642402806104
roi_259,87.51481742854413,9.852166432102935,197.0031249097577,-8.85983964028513,6.45842154147539
roi_260,257.7323559566065,-55.17308707686332,334.5108889597957,-9.118805340348006,6.457794446872042
roi_261,355.20120643876555,51.9908060075134,112.01865300983366,-9.377959052101744,6.457083184637417
roi_262,111.40951458872748,-36.8278815087481,249.52641705987162,-9.637306499248963,6.456288006900721
roi_263,289.08018767463886,-9.698328074109904,27.03418110991612,-9.896853442815875,6.455409190009169
roi_264,65.86132704567599,35.07110299404037,164.54194515995408,-10.156605682416044,6.45444703479503
roi_265,189.84440627244993,-73.26765462004158,302.04970920999205,-10.416569057535778,6.453401866857839
roi_266,318.8744401423667,33.45190983477665,79.55747326003004,-10.676749448841818,6.452274036858499
roi_267,94.91909387479878,-8.597811481069254,217.0652373100615,-10.937152779512145,6.451063920826783
roi_268,275.10417874099113,-39.075933513030996,354.57300136009945,-11.197785016591036,6.44977192048529
roi_269,27.011417355462505,50.40481805292767,132.08076541013745,-11.458652172368982,6.448398463584419
roi_270,122.51251648412904,-55.14593951741136,269.58852946017544,-11.71976030578878,6.446944004254974
roi_271,300.07602453876564,6.798760914268486,47.09629351021338,-11.9811155238784,6.445409023374223
roi_272,77.91173291200461,18.422201627188503,184.60405756025136,-12.242723983211992,6.4437940289514914
roi_273,247.4809637431494,-66.8349031412067,322.11182161029586,-12.50459189139991,6.442099556512205
roi_274,340.32693720348084,44.135694318811844,99.61958566033381,-12.766725508608763,6.440326169540283
roi_275,101.66232347629136,-27.269155881681964,237.12734971036528,-13.02913114911289,6.438474459882751
roi_276,286.901940667746,-22.132723281140596,14.635113760403241,-13.291815182878063,6.4365450482126105
roi_277,51.4036592545837,40.41347853164911,152.1428778104412,-13.554784037178994,6.434538584493475
roi_278,147.2491362030763,-71.80937078898567,289.6506418604792,-13.818044198251524,6.432455748465119
roi_279,312.9817638144908,21.999752936347814,67.15840591051716,-14.081602212981082,6.430297250149446
roi_280,86.35812770059609,0.6291926163753053,204.66616996055512,-14.345464690628615,6.428063830377779
roi_281,272.01649167512346,-51.44460232221759,342.1739340105931,-14.609638304595268,6.425756261325323
roi_282,8.173087698752807,47.87928300503251,119.68169806063108,-14.874129794227535,6.423375347095029
roi_283,109.03041718125816,-45.942204159231096,257.18946211066907,-15.138945966663975,6.420921924294597
roi_284,297.40051457536856,-5.4334273424650785,34.69722616070702,-15.40409369872548,6.418396862648833
roi_285,67.02960788712792,25.845115712057826,172.204990210745,-15.669579938850209,6.415801065642044
roi_286,223.58172422852445,-77.15969014607201,309.71275426078296,-15.935411709075286,6.413135471174647
roi_287,329.99117023581596,34.52143943406936,87.22051831082094,-16.20159610706671,6.410401052232597
roi_288,93.01471145519906,-17.68256438286156,224.7282823608589,-16.468140308199292,6.407598817624012
roi_289,285.1791010530235,-34.498096028179404,2.236046410896879,-16.735051567688657,6.40472981269401
roi_290,35.062481456218016,42.95147326238273,139.74381046093484,-17.002337222776923,6.401795120109244
roi_291,120.0728341379405,-64.32810129984172,277.25157451097283,-17.270004694974467,6.3987958606431
roi_292,308.7614951977847,10.260321860590544,54.75933856101079,-17.53806149235943,6.395733194004378
roi_293,77.33528312939998,9.183083305430799,192.26710261104876,-17.806515211937487,6.39260831969281
roi_294,268.406698884706,-63.68596870084739,329.77486666108024,-18.075373542064003,6.389422477896971
roi_295,352.6855603752487,42.06182199134358,107.28263071112471,-18.34464426493078,6.3861769504152575
roi_296,98.88024352293256,-36.208886214713964,244.79039476116267,-18.614335259120175,6.38287306161252
roi_297,295.4933697221381,-17.636322430114316,22.298158811200654,-18.884454502228802,6.379512179418536
roi_298,54.54168436707569,31.527976229419647,159.80592286123863,-19.155010073563737,6.376095716367847
roi_299,157.88058327968776,-80.73209654962972,297.3136869112766,-19.426010156913758,6.372625130680291
roi_300,322.78814233374834,23.939961191465148,74.82145096131457,-19.697463043398756,6.369101927373267
roi_301,84.68936910655447,-8.448920220256266,212.32921501135255,-19.969377134400197,6.365527659423272
roi_302,284.16614878327164,-46.74055857307314,349.83697906139054,-20.241760944575645,6.361903928984824
roi_303,18.43879293690884,42.16582466848688,127.34474311142198,-20.514623104961025,6.358232388631089
roi_304,104.81607165151223,-54.764464229572546,264.8525071614599,-20.787972366163533,6.354514742669724
roi_305,305.7950982219845,-1.5939781971196798,42.36027121149792,-21.061817601649302,6.350752748497198
roi_306,67.42170657723713,16.640780450518083,179.86803526154242,-21.336167811129066,6.3469482180114705
roi_307,263.22212561272016,-75.7461588442818,317.37579931158035,-21.611032124046144,6.343103019081816
roi_308,341.11268985839394,33.97778692342598,94.88356336161834,-21.88641980317063,6.339219077067621
roi_309,90.26809527996727,-26.52551663183926,232.3913274116563,-22.16234024830395,6.335298376420347
roi_310,294.4724919466986,-29.729027257434176,9.899091461694294,-22.43880300009864,6.331342962336815
roi_311,40.60516880907392,34.827060538957596,147.40685551172575,-22.71581774399755,6.32735494247021
roi_312,113.11594386821648,-73.18073426638439,284.91461956176374,-22.993394314297802,6.323336488733419
roi_313,317.7599580561263,12.845531315386038,62.42238361180169,-23.271542698344295,6.319289839162519
roi_314,76.1387863531798,0.07812023225003784,199.93014766183967,-23.55027304085839,6.315217299863521
roi_315,284.6106556186254,-58.77222343685789,337.43791171187763,-23.829595648407324,6.311121247041371
roi_316,3.574764102973666,38.18562746011637,114.94567576192213,-24.109520994020123,6.307004129099777
roi_317,94.4995689611156,-44.75785955234849,252.4534398119601,-24.390059721956522,6.302868468867764
roi_318,303.9508052345482,-13.429364039908524,29.96120386199807,-24.67122265263506,6.298716865871706
roi_319,56.35738333589153,22.5069729133058,167.46896791202954,-24.953020787727493,6.294551998741571
roi_320,237.42700301867802,-87.36384922121889,304.9767319620675,-25.23546531542641,6.290376627707439
roi_321,332.8123869604251,24.504899058113068,82.48449601210547,-25.518567615893833,6.286193597205547
roi_322,82.19830606393059,-17.275176433010365,219.99226006214343,-25.80233926689861,6.282005838600403
roi_323,294.7386156804891,-41.598514154129724,357.5000241121814,-26.086792049650818,6.277816373025099
roi_324,26.128560816103864,35.25213054979847,135.00778816221938,-26.37193795484225,6.27362831435155
roi_325,96.81944993279076,-62.93573846270898,272.5155522122574,-26.65778918890177,6.2694448722810945
roi_326,314.3881344011475,1.5215695846877624,50.02331626229533,-26.944358180475735,6.265269355597622
roi_327,66.97171685256785,7.515415375391149,187.5310803123333,-27.231657587143143,6.261105175542316
roi_328,289.1110752521629,-70.38178266260785,325.03884436237126,-27.519700302376805,6.256955849365386
roi_329,351.633188292035,31.680274512104994,102.54660841240924,-27.80849946276156,6.252825004024584
roi_330,86.14367381454942,-34.937374314895216,240.05437246244722,-28.098068455481485,6.248716380050088
roi_331,303.33925056498447,-25.107518101193406,17.56213651247868,-28.38842092608902,6.2446338356185205
roi_332,44.216703689883374,26.252497824226136,155.06990056252317,-28.679570786568878,6.240581350793128
roi_333,89.04582429932681,-80.68132967502072,292.5776646125677,-28.971532223711296,6.236563031962322
roi_334,327.02375395193604,14.241372069126358,70.08542866259911,-29.26431970780902,6.2325831165148475
roi_335,74.06935383447559,-8.795458590746582,207.5931927126436,-29.557948001694054,6.228645977715824
roi_336,297.29606366259446,-53.042169109434646,345.100956762675,-29.85243217013075,6.224756129827259
roi_337,12.527268199607969,32.72312608017294,122.60872081271303,-30.147787589582478,6.220918233477306
roi_338,87.3511302354672,-52.54973968886961,260.11648486274447,-30.444029958370983,6.217137101310327
roi_339,312.4780922327062,-9.817228790289928,37.62424891278897,-30.741175307247648,6.213417703877628
roi_340,56.970501207572234,13.430016398721252,175.13201296282043,-31.039240010397883,6.20976517586726
roi_341,311.6017228081548,-80.54559680920912,312.6397770128649,-31.338240796900433,6.206184822608249
roi_342,342.6953248271557,23.442870747775174,90.14754106289637,-31.63819476266537,6.202682126949021
roi_343,78.44976874662966,-25.669109226969887,227.65530511294085,-31.93911938287549,6.199262756448176
roi_344,304.3793705218092,-36.43962212759801,5.163069162978831,-32.241032524957475,6.195932570955394
roi_345,31.570951470776176,27.442828496043717,142.6708332130168,-32.543952462111164,6.201797446457184
roi_346,81.13377943548463,-69.52665847809064,280.17859726305477,-32.847897887426434,6.208225233006125
roi_347,323.23819583715203,3.5910199085546886,57.68636131308623,-33.15288792861988,6.215225875936357
roi_348,65.50266564157843,-1.4434651361412258,195.19412536313072,-33.458942163424496,6.222826276265541
roi_349,304.722442871284,-63.59260674591447,332.7018894131622,-33.766080635668985,6.231054700299614
roi_350,0.9785890740933557,27.620662374638705,110.20965346320666,-34.074323872084655,6.239940868415504
roi_351,79.84436214893918,-42.57355203044082,247.71741751323813,-34.38369289988064,6.249516050904781
roi_352,312.109774977203,-20.957419623291226,25.225181563282607,-34.6942092651317,6.259813171586689
roi_353,46.18275520496444,17.366171131318808,162.73294561331406,-35.005895052024286,6.270866919851951
roi_354,27.86998470070639,-81.49342542925642,300.24070966335853,-35.318772903011535,6.282713872078241
roi_355,336.3789551488636,14.134323603571014,77.74847371339652,-35.632866039929546,6.295392623200458
roi_356,70.75494778386859,-17.2719178322807,215.25623776342798,-35.94819828613248,6.308943929588343
roi_357,308.0110445281054,-47.103942892784495,352.7640018134725,-36.26479408970706,6.3234108642678875
roi_358,19.40864879699865,25.915436606335877,130.27176586350393,-36.582678547831684,6.338838985828986
roi_359,75.69511121652019,-58.836072523920734,267.7795299135484,-36.901877432350446,6.355276522424821
roi_360,321.23866264500805,-7.1338429826930865,45.28729396357987,-37.22241721663666,6.3727745724614016
roi_361,56.30923912726904,4.3829031037892525,182.79505801362436,-37.54432510382695,6.391387323810631
roi_362,323.5642806881094,-71.88632918261582,320.3028220636558,-37.867629056512115,6.411172293525428
roi_363,351.98110396392497,20.571578082094764,97.81058611369379,-38.19235782797821,6.432190590417756
roi_364,72.81777203724133,-33.31017564978759,235.31835016373827,-38.518540995098014,6.454507203009262
roi_365,313.66906058739033,-31.61991748853613,12.826114213769731,-38.84620899298067,6.4781913158577025
roi_366,35.018966692549625,18.934003633722288,150.33387826381423,-39.175393151496394,6.503316657544161
roi_367,54.42840687206455,-72.37834902662654,287.8416423138457,-39.506125733801355,6.5299618841073075
roi_368,332.31875066599684,4.257276767528124,65.34940636389015,-39.838439976999084,6.558211002269565
roi_369,62.69023158515693,-10.089586224198673,202.8571704139216,-40.172370135084485,6.588153837328593
roi_370,316.0924405720745,-56.460714640567815,340.3649344639661,-40.50795152432971,6.619886551417145
roi_371,8.737441026695397,21.86450193650797,117.87269851399756,-40.84522057128385,6.653512218552613
roi_372,70.3124069182038,-48.79217821859262,255.38046256403553,-41.1842148635725,6.68914146397815
roi_373,321.08836822318295,-17.625916887553274,32.88822661407351,-41.52497320370022,6.726893176362395
roi_374,46.53472675699406,8.264060423165398,170.39599066411148,-41.86753566607524,6.766895302846888
roi_375,359.0678011655377,-74.37954966297498,307.903754714156,-42.211943657496064,6.809285738482432
roi_376,345.5366226688718,12.21296824344972,85.41151876418742,-42.5582399813599,6.766214953384603
roi_377,65.6375326367179,-25.055285452706144,222.9192828142319,-42.90646890587731,6.721328462463581
roi_378,317.9443188690784,-41.35933399374358,0.42704686426336763,-43.256676236602644,6.67699272967233
roi_379,24.221658478022817,17.934892854346973,137.93481091430135,-43.60890939361861,6.633243536985998
roi_380,58.34374445650872,-62.22900701023706,275.4425749643393,-43.96321749374585,6.5901191381093405
roi_381,330.35440987953615,-5.774076704098551,52.950339014377285,-44.31965143818256,6.558211002269565
roi_382,54.091381470600766,-4.514029588308678,190.45810306440873,-44.678264006019596,6.588153837328537
roi_383,331.3456009925989,-63.18360850016231,327.9658671144532,-45.03910995411931,6.619886551417145
roi_384,0.2173336210135594,15.748379157555378,105.47363116448469,-45.40224612389569,6.653512218552613
roi_385,64.46880841746362,-39.61298369094634,242.98139521452916,-45.76773155558757,6.689141463978095
roi_386,323.14568064780013,-27.49281708841212,20.489159264573658,-46.135627610677425,6.726893176362395
roi_387,36.51907056369753,9.822058160087906,157.9969233146051,-46.50599810317698,6.766895302846888
roi_388,27.40507460488482,-69.40138170000482,295.5046873646431,-46.87890944057665,6.809285738482432
roi_389,341.5208271764337,3.099962967273758,73.01245141468107,-47.2544307753432,6.766214953384603
roi_390,57.97870953464453,-18.159389201862904,210.52021546471903,-47.6326341679455,6.721328462463527
roi_391,326.1404277860966,-49.39478403705994,348.0279795147505,-48.013594762499295,6.67699272967233
roi_392,14.644366666896477,14.438257776613128,125.53574356479497,-48.39739097624507,6.633243536985998
roi_393,56.76898800322193,-52.462636530894756,263.0435076148264,-48.78410470421333,6.659433669712846
roi_394,330.5931294597961,-15.538983659782373,40.551271664870924,-49.17382154059223,6.706129985940939
roi_395,45.01189167832939,-0.9769757469978775,178.05903571490236,-49.56663101849278,6.755907492360046
roi_396,353.2599331791127,-65.19847181253591,315.56679976494684,-49.96262687001544,6.808993159629604
roi_397,354.14768023919333,8.120049340343774,93.07456381498484,-50.36190730875775,6.766214953384603
roi_398,57.899358951037506,-31.592026503597175,230.58232786501628,-50.76457533717539,6.721328462463527
roi_399,328.07110455377625,-36.1324363232709,8.090091915060782,-51.170739081520956,6.67699272967233
roi_400,26.883150512624212,8.80560691790274,145.59785596509224,-51.58051215744448,6.633243536985998
roi_401,38.395604096065995,-61.02279985822657,283.1056200151367,-51.99401406975661,6.5901191381093405
roi_402,339.9429542892118,-6.265031046526324,60.613384065168184,-52.41137065033623,6.558211002269565
roi_403,49.698770856774836,-13.056745501210468,198.12114811521266,-52.83271453872601,6.588153837328537
roi_404,339.1096420283892,-54.43272367340488,335.6289121652441,-53.258185710611436,6.619886551417145
roi_405,7.009165558219238,8.73816460203208,113.13667621528862,-53.687932060144085,6.6535122185526685
roi_406,52.598754425497575,-43.51332112578421,250.64444026532007,-54.122110042966284,6.68914146397815
roi_407,333.44429716542277,-24.48811521162574,28.152204315358045,-54.560885387850284,6.726893176362449
roi_408,35.760479068099016,0.08050974973989315,165.65996836540253,-55.0044338861145,6.766895302846888
roi_409,12.57764591460879,-61.674793989120076,303.167732415434,-55.4529422694595,6.809285738482432
roi_410,350.7145554422248,-0.4796534351441173,80.67549646547847,-55.9066091886325,6.763976950923551
roi_411,50.3955535206871,-25.13578786984108,218.18326051550994,-56.36564630743926,6.717575036171175
roi_412,336.6076369808209,-42.55967942165726,355.6910245655544,-56.83027952915994,6.6725821140469375
roi_413,18.40713764829897,5.127980980925784,133.19878861558587,-57.30075037548742,6.6291059201713525
roi_414,40.315357514675,-51.92502869807612,270.70655266563034,-57.7773175418211,6.587263582043325
roi_415,341.11159292151837,-15.330486544249641,48.21431671566182,-58.260258657279124,6.591198753397167
roi_416,40.82337819392944,-10.294693284800273,185.7220807656998,-58.74987228334312,6.686493849315753
roi_417,354.8658645381273,-54.954103656464916,323.2298448157443,-59.2464801918959,6.801225422635853
roi_418,1.8868193663070079,1.2165624244471491,100.73760886577574,-59.75042997190138,6.7914468002741675
roi_419,46.41388018978666,-35.78102143057302,238.2453729158202,-60.26209802457609,6.656462084056834
roi_420,339.59829211241424,-31.754467434148545,15.75313696585168,-60.78189302022014,6.526873585773844
roi_421,26.895661529259375,-1.7892969391598137,153.26090101589617,-61.31025990673839,6.448057134104649
roi_422,22.67854840428703,-54.34331130629202,290.7686650659276,-61.84768458139301,6.5124869677289645
roi_423,350.3238643140954,-9.526547409162161,68.2764291159656,-62.39469936499535,6.591198753397221
roi_424,41.72716631568982,-20.83960393849351,205.78419316600358,-62.9518894536457,6.686493849315753
roi_425,348.63251977820903,-45.27804639168675,343.29195721604157,-63.51990057015392,6.801225422635853
roi_426,11.928063627626491,-1.243125789869676,120.79972126607299,-64.09944809949913,6.7914468002741675
roi_427,37.135437599448636,-43.07888543740676,258.3074853161175,-64.69132807593319,6.65646208405678
roi_428,345.8294902299481,-23.299867137237946,35.81524936616197,-65.29643050202732,6.543817383188022
roi_429,31.51614337904739,-10.646085892552687,173.3230134161869,-65.91575563450378,6.5966121515778005
roi_430,7.950708036809336,-50.27560891025917,310.8307774662379,-66.5504340866078,6.768498423177406
roi_431,0.028648091919140254,-7.843709480867235,88.33854151626286,-67.20175190027794,6.7914468002741675
roi_432,37.89684504506058,-29.82300203012239,225.84630556631387,-67.8711821772582,6.65646208405678
roi_433,349.7832530173888,-35.803370887716795,3.354069616338805,-68.56042549608651,6.797791418134723
roi_434,19.166028813153055,-7.282547779954114,140.8618336663898,-69.27146229460496,6.850856252995488
roi_435,24.42430081516247,-44.85086543332004,278.3695977164148,-70.00662185402233,6.5124869677289645
roi_436,354.2128009412928,-18.43651574194574,55.87736176646575,-70.7686748054968,6.591198753397167
roi_437,31.32618768231554,-19.77886605435378,193.3851258164907,-71.56095977219667,6.686493849315698
roi_438,1.808543877828697,-42.25755429538133,330.89288986652866,-72.38756092964962,6.801225422635853
roi_439,8.637869755659985,-10.860021522604264,108.40065391657967,-73.25356398717803,6.850856252995488
roi_440,29.047560246150738,-34.81014150194679,245.90841796660462,-74.16543758698742,6.825540995186112
roi_441,356.10931441544767,-28.58554696423543,23.416182016655608,-75.13162453639558,6.943255462909493
roi_442,21.66693101036411,-15.962715793959585,160.92394606668054,-76.16350397268795,6.850856252995488
roi_443,14.14841086105953,-39.806112246714086,298.43171011673155,-77.27705597122797,6.825540995186112
roi_444,3.98590184519534,-19.01127156920567,75.9394741667565,-78.49598005081596,7.386121880924231
roi_445,24.232692249146222,-26.760912787177514,213.44723821679446,-79.85820663432014,6.573882121358391
roi_446,5.300179640921395,-32.654982366381255,350.9550022668324,-81.43182409194925,7.386121880924231
roi_447,13.540738120154243,-20.523132019931634,128.46276631687041,-83.36559620935185,7.386121880924231
roi_448,15.521242643427454,-30.162508211871106,265.9705303669084,-86.17105224753288,7.146885511861513
